PV,
0,
0,
0,
0,
0,
0,
0,
0,
0.002480023,
0.033755151,
0.075957493,
0.109175787,
0.160590336,
0.181943505,
0.129857915,
0.058117109,
0.00599841,
0,
0,
0,
0,
0,
0,
0,
0,
0,
0,
0,
0,
0,
0,
0,
0.002471683,
0.027214906,
0.064927588,
0.092139009,
0.086141968,
0.088929443,
0.063728902,
0.029995036,
0.003838534,
0,
0,
0,
0,
0,
0,
0,
0,
0,
0,
0,
0,
0,
0,
0,
0.002565786,
0.02316713,
0.054124476,
0.074297505,
0.081719526,
0.067676974,
0.054505865,
0.028935014,
0.004180714,
0,
0,
0,
0,
0,
0,
0,
0,
0,
0,
0,
0,
0,
0,
0,
0.005729794,
0.051046728,
0.116063938,
0.126280279,
0.165840656,
0.145158403,
0.110447415,
0.053118974,
0.00816538,
0,
0,
0,
0,
0,
0,
0,
0,
0,
0,
0,
0,
0,
0,
0,
0.003977447,
0.02915496,
0.058006701,
0.089886898,
0.148097985,
0.146364807,
0.111060201,
0.052836791,
0.009105907,
0,
0,
0,
0,
0,
0,
0,
0,
0,
0,
0,
0,
0,
0,
0,
0.006331129,
0.042428884,
0.093236497,
0.189035171,
0.152351889,
0.171426559,
0.117014547,
0.058069685,
0.011224831,
0,
0,
0,
0,
0,
0,
0,
0,
0,
0,
0,
0,
0,
0,
0,
0.009911255,
0.059418611,
0.121685315,
0.109514854,
0.13616054,
0.150938485,
0.141546163,
0.070798039,
0.014248432,
0,
0,
0,
0,
0,
0,
0,
0,
0,
0,
0,
0,
0,
0,
0,
0.008100654,
0.041760333,
0.073348763,
0.135071889,
0.183137087,
0.182598861,
0.122825872,
0.062574529,
0.013870902,
8.37E-18,
8.37E-18,
8.37E-18,
8.37E-18,
8.37E-18,
8.37E-18,
8.37E-18,
8.37E-18,
8.37E-18,
8.37E-18,
8.37E-18,
8.37E-18,
8.37E-18,
8.37E-18,
8.37E-18,
0.008394662,
0.038754905,
0.072631543,
0.194945702,
0.214849618,
0.191650124,
0.111516648,
0.04731686,
0.012593051,
6.54E-17,
6.54E-17,
6.54E-17,
6.54E-17,
6.54E-17,
6.54E-17,
6.54E-17,
6.54E-17,
6.54E-17,
6.54E-17,
6.54E-17,
6.54E-17,
6.54E-17,
6.54E-17,
6.54E-17,
0.010719217,
0.049175259,
0.097405386,
0.218240543,
0.257875107,
0.208175811,
0.138708899,
0.074288419,
0.019245821,
7.10E-06,
0,
0,
0,
0,
0,
0,
0,
0,
0,
0,
0,
0,
0,
0,
0.017228219,
0.074476001,
0.121902523,
0.146276928,
0.221462556,
0.196156213,
0.125630026,
0.077920575,
0.021113307,
9.67E-05,
0,
0,
0,
0,
0,
0,
0,
0,
0,
0,
0,
0,
0,
1.24E-07,
0.037749278,
0.155583488,
0.266059158,
0.199719784,
0.132157949,
0.125554968,
0.101892555,
0.07407507,
0.020760298,
0.000266499,
3.18E-17,
3.18E-17,
3.18E-17,
3.18E-17,
3.18E-17,
3.18E-17,
3.18E-17,
3.18E-17,
3.18E-17,
3.18E-17,
3.18E-17,
3.18E-17,
3.18E-17,
0.000155842,
0.029588877,
0.113930326,
0.200483682,
0.224055851,
0.245193181,
0.217576473,
0.144199828,
0.090884558,
0.028230739,
0.000510469,
1.46E-16,
1.46E-16,
1.46E-16,
1.46E-16,
1.46E-16,
1.46E-16,
1.46E-16,
1.46E-16,
1.46E-16,
1.46E-16,
1.46E-16,
1.46E-16,
1.46E-16,
0.000469392,
0.040634465,
0.139054191,
0.174185653,
0.181140273,
0.178989235,
0.150724265,
0.110267301,
0.077438362,
0.02373772,
0.000726307,
1.43E-16,
1.43E-16,
1.43E-16,
1.43E-16,
1.43E-16,
1.43E-16,
1.43E-16,
1.43E-16,
1.43E-16,
1.43E-16,
1.43E-16,
1.43E-16,
1.43E-16,
0.000448605,
0.021164217,
0.071594424,
0.163516973,
0.160500092,
0.193924018,
0.212801893,
0.147739997,
0.093516938,
0.030392482,
0.001112675,
1.60E-16,
1.60E-16,
1.60E-16,
1.60E-16,
1.60E-16,
1.60E-16,
1.60E-16,
1.60E-16,
1.60E-16,
1.60E-16,
1.60E-16,
1.60E-16,
1.60E-16,
0.001072345,
0.036994342,
0.118717105,
0.160556853,
0.235059616,
0.236996185,
0.180188419,
0.171883877,
0.09957634,
0.03450822,
0.001578083,
1.17E-16,
1.17E-16,
1.17E-16,
1.17E-16,
1.17E-16,
1.17E-16,
1.17E-16,
1.17E-16,
1.17E-16,
1.17E-16,
1.17E-16,
1.17E-16,
1.17E-16,
0.001864001,
0.049786552,
0.14423244,
0.214505945,
0.248146829,
0.276347819,
0.207935078,
0.183632246,
0.126423424,
0.048185067,
0.002838011,
4.90E-17,
4.90E-17,
4.90E-17,
4.90E-17,
4.90E-17,
4.90E-17,
4.90E-17,
4.90E-17,
4.90E-17,
4.90E-17,
4.90E-17,
4.90E-17,
4.90E-17,
0.003036049,
0.064836722,
0.180755523,
0.315506518,
0.316365389,
0.290942538,
0.254932164,
0.230309557,
0.179495969,
0.071492107,
0.00513904,
7.41E-17,
7.41E-17,
7.41E-17,
7.41E-17,
7.41E-17,
7.41E-17,
7.41E-17,
7.41E-17,
7.41E-17,
7.41E-17,
7.41E-17,
7.41E-17,
7.41E-17,
0.002897261,
0.046896511,
0.1240324,
0.186815174,
0.234437867,
0.245362964,
0.254179095,
0.208224854,
0.16780573,
0.064331233,
0.004922206,
1.50E-16,
1.50E-16,
1.50E-16,
1.50E-16,
1.50E-16,
1.50E-16,
1.50E-16,
1.50E-16,
1.50E-16,
1.50E-16,
1.50E-16,
1.50E-16,
1.50E-16,
0.00228659,
0.028304801,
0.067182189,
0.127305324,
0.150524111,
0.151580523,
0.135220262,
0.124098745,
0.060357022,
0.026954257,
0.002544625,
1.86E-16,
1.86E-16,
1.86E-16,
1.86E-16,
1.86E-16,
1.86E-16,
1.86E-16,
1.86E-16,
1.86E-16,
1.86E-16,
1.86E-16,
1.86E-16,
1.86E-16,
0.003785508,
0.042411582,
0.11211375,
0.209394911,
0.302105256,
0.251362743,
0.226436793,
0.175603289,
0.109831392,
0.049552789,
0.005922854,
2.44E-16,
2.44E-16,
2.44E-16,
2.44E-16,
2.44E-16,
2.44E-16,
2.44E-16,
2.44E-16,
2.44E-16,
2.44E-16,
2.44E-16,
2.44E-16,
2.44E-16,
0.009462775,
0.084519572,
0.19273417,
0.283338038,
0.330558057,
0.327033572,
0.286252227,
0.249687943,
0.176764259,
0.079170046,
0.010692081,
1.91E-16,
1.91E-16,
1.91E-16,
1.91E-16,
1.91E-16,
1.91E-16,
1.91E-16,
1.91E-16,
1.91E-16,
1.91E-16,
1.91E-16,
1.91E-16,
1.91E-16,
0.009923578,
0.076116819,
0.183727219,
0.294397194,
0.33276486,
0.353276708,
0.312306038,
0.260493794,
0.179464602,
0.0776069,
0.011430711,
3.77E-16,
3.77E-16,
3.77E-16,
3.77E-16,
3.77E-16,
3.77E-16,
3.77E-16,
3.77E-16,
3.77E-16,
3.77E-16,
3.77E-16,
3.77E-16,
3.77E-16,
0.008059453,
0.057580875,
0.123614914,
0.170304175,
0.205896689,
0.249977346,
0.203285844,
0.119244875,
0.111923554,
0.054502006,
0.00797842,
3.32E-16,
3.32E-16,
3.32E-16,
3.32E-16,
3.32E-16,
3.32E-16,
3.32E-16,
3.32E-16,
3.32E-16,
3.32E-16,
3.32E-16,
3.32E-16,
3.32E-16,
0.00902363,
0.05941998,
0.135410583,
0.201959198,
0.19558052,
0.213595541,
0.188462216,
0.194651569,
0.119109198,
0.054835721,
0.00918694,
3.36E-16,
3.36E-16,
3.36E-16,
3.36E-16,
3.36E-16,
3.36E-16,
3.36E-16,
3.36E-16,
3.36E-16,
3.36E-16,
3.36E-16,
3.36E-16,
3.36E-16,
0.012076234,
0.071298176,
0.134681413,
0.16029471,
0.18357449,
0.152245091,
0.140286111,
0.145949437,
0.137882391,
0.052290225,
0.010584162,
3.38E-16,
3.38E-16,
3.38E-16,
3.38E-16,
3.38E-16,
3.38E-16,
3.38E-16,
3.38E-16,
3.38E-16,
3.38E-16,
3.38E-16,
3.38E-16,
3.38E-16,
0.013057837,
0.069543215,
0.136373889,
0.22289152,
0.210456551,
0.199727252,
0.246700688,
0.210601688,
0.144483878,
0.068654345,
0.013463001,
3.45E-16,
3.45E-16,
3.45E-16,
3.45E-16,
3.45E-16,
3.45E-16,
3.45E-16,
3.45E-16,
3.45E-16,
3.45E-16,
3.45E-16,
3.45E-16,
3.45E-16,
0.010786682,
0.047968856,
0.103765269,
0.175541301,
0.235550168,
0.278045522,
0.26037766,
0.219596191,
0.147732778,
0.067578888,
0.014056991,
2.91E-16,
2.91E-16,
2.91E-16,
2.91E-16,
2.91E-16,
2.91E-16,
2.91E-16,
2.91E-16,
2.91E-16,
2.91E-16,
2.91E-16,
2.91E-16,
2.91E-16,
0.025024036,
0.115099014,
0.193898252,
0.232002406,
0.287334904,
0.364090276,
0.315836125,
0.288072164,
0.221007852,
0.115678317,
0.025074199,
1.98E-16,
1.98E-16,
1.98E-16,
1.98E-16,
1.98E-16,
1.98E-16,
1.98E-16,
1.98E-16,
1.98E-16,
1.98E-16,
1.98E-16,
1.98E-16,
2.71E-05,
0.036921774,
0.148440538,
0.277793462,
0.385172215,
0.447521072,
0.461538356,
0.421622481,
0.365620685,
0.265785813,
0.126852362,
0.031112067,
1.82E-05,
2.01E-17,
2.01E-17,
2.01E-17,
2.01E-17,
2.01E-17,
2.01E-17,
2.01E-17,
2.01E-17,
2.01E-17,
2.01E-17,
2.01E-17,
0.000176131,
0.034459426,
0.126579141,
0.250555279,
0.397360102,
0.464722156,
0.482552706,
0.441486689,
0.380135368,
0.279431168,
0.150030073,
0.038862326,
0.000165302,
1.05E-16,
1.05E-16,
1.05E-16,
1.05E-16,
1.05E-16,
1.05E-16,
1.05E-16,
1.05E-16,
1.05E-16,
1.05E-16,
1.05E-16,
0.000350768,
0.022434351,
0.072109747,
0.137149736,
0.18611899,
0.215940385,
0.306885686,
0.230546556,
0.177232033,
0.085121529,
0.057098662,
0.017169717,
0.000134432,
2.95E-17,
2.95E-17,
2.95E-17,
2.95E-17,
2.95E-17,
2.95E-17,
2.95E-17,
2.95E-17,
2.95E-17,
2.95E-17,
2.95E-17,
0.000929449,
0.043972115,
0.145731607,
0.289526271,
0.298044287,
0.289421091,
0.24690968,
0.298289501,
0.225265989,
0.142982968,
0.060899854,
0.019445353,
0.000295751,
1.45E-19,
1.45E-19,
1.45E-19,
1.45E-19,
1.45E-19,
1.45E-19,
1.45E-19,
1.45E-19,
1.45E-19,
1.45E-19,
1.45E-19,
0.000640668,
0.022686909,
0.065111561,
0.120637367,
0.225201262,
0.410581125,
0.495098581,
0.461808216,
0.378023913,
0.268955796,
0.095165847,
0.026865507,
0.000686599,
5.20E-17,
5.20E-17,
5.20E-17,
5.20E-17,
5.20E-17,
5.20E-17,
5.20E-17,
5.20E-17,
5.20E-17,
5.20E-17,
5.20E-17,
0.001102966,
0.026722237,
0.076616459,
0.174455513,
0.356997116,
0.372441496,
0.392718336,
0.171058239,
0.202374071,
0.211146263,
0.105065526,
0.03074798,
0.00106749,
5.38E-17,
5.38E-17,
5.38E-17,
5.38E-17,
5.38E-17,
5.38E-17,
5.38E-17,
5.38E-17,
5.38E-17,
5.38E-17,
5.38E-17,
0.001756828,
0.031602371,
0.090521343,
0.161330335,
0.183536276,
0.121284882,
0.157122486,
0.444708828,
0.425547773,
0.31760565,
0.177074822,
0.053364935,
0.001984492,
1.19E-16,
1.19E-16,
1.19E-16,
1.19E-16,
1.19E-16,
1.19E-16,
1.19E-16,
1.19E-16,
1.19E-16,
1.19E-16,
1.19E-16,
0.00321467,
0.048768229,
0.144081453,
0.231031134,
0.371127173,
0.477007009,
0.476712628,
0.465111138,
0.370760597,
0.211192069,
0.148410789,
0.054608681,
0.002614331,
3.50E-18,
3.50E-18,
3.50E-18,
3.50E-18,
3.50E-18,
3.50E-18,
3.50E-18,
3.50E-18,
3.50E-18,
3.50E-18,
3.50E-18,
0.002461476,
0.030177764,
0.073743844,
0.189658538,
0.394666481,
0.388610689,
0.319017685,
0.33555221,
0.244242697,
0.182708647,
0.153735046,
0.052367648,
0.003290101,
0,
0,
0,
0,
0,
0,
0,
0,
0,
0,
0,
0.005578807,
0.059352266,
0.151860839,
0.265607815,
0.369527307,
0.449937365,
0.52655096,
0.508598053,
0.405316988,
0.299316413,
0.190201494,
0.073668039,
0.005043444,
0,
0,
0,
0,
0,
0,
0,
0,
0,
0,
0,
0.008099658,
0.070775135,
0.215005584,
0.363780833,
0.433097131,
0.442172169,
0.385059815,
0.356477561,
0.337966137,
0.221900705,
0.142866585,
0.058609902,
0.004983447,
0,
0,
0,
0,
0,
0,
0,
0,
0,
0,
0,
0.011682522,
0.104722599,
0.236296515,
0.35619961,
0.368765774,
0.485284416,
0.560320177,
0.509828853,
0.410171605,
0.275529774,
0.161102796,
0.060379552,
0.00596642,
5.39E-17,
5.39E-17,
5.39E-17,
5.39E-17,
5.39E-17,
5.39E-17,
5.39E-17,
5.39E-17,
5.39E-17,
5.39E-17,
5.39E-17,
0.01481703,
0.107815907,
0.252717893,
0.379108581,
0.409908467,
0.427799138,
0.539883014,
0.513910859,
0.429351704,
0.346053597,
0.177634085,
0.069438407,
0.00769213,
0,
0,
0,
0,
0,
0,
0,
0,
0,
0,
0,
0.01732394,
0.120555961,
0.267344603,
0.421995779,
0.521490588,
0.577781039,
0.594065122,
0.574297256,
0.510745232,
0.402219573,
0.249725037,
0.1057876,
0.011330634,
0,
0,
0,
0,
0,
0,
0,
0,
0,
0,
0,
0.021363998,
0.132464902,
0.282050602,
0.436941142,
0.535784454,
0.592941992,
0.608017057,
0.585418773,
0.521258693,
0.417810709,
0.259814041,
0.113320652,
0.013632783,
0,
0,
0,
0,
0,
0,
0,
0,
0,
0,
0,
0.020783326,
0.106611246,
0.160272056,
0.250101944,
0.273585986,
0.283065191,
0.268639134,
0.244644499,
0.212570869,
0.179808399,
0.116938493,
0.048244068,
0.007664372,
0,
0,
0,
0,
0,
0,
0,
0,
0,
0,
0,
0.017113081,
0.078911638,
0.196296247,
0.29378391,
0.276323546,
0.217517348,
0.199968857,
0.20193978,
0.165204842,
0.298847021,
0.210096199,
0.085655523,
0.012839261,
0,
0,
0,
0,
0,
0,
0,
0,
0,
0,
2.49E-06,
0.020632588,
0.094514474,
0.192796904,
0.310378431,
0.459874012,
0.527153291,
0.588795882,
0.588452582,
0.526821069,
0.38744947,
0.211207006,
0.111956042,
0.018706972,
0,
0,
0,
0,
0,
0,
0,
0,
0,
0,
4.84E-05,
0.017221498,
0.067177085,
0.130832921,
0.300892256,
0.47425613,
0.578576678,
0.614856663,
0.607705996,
0.534964044,
0.311065031,
0.158133341,
0.078230889,
0.014374151,
2.62E-17,
2.62E-17,
2.62E-17,
2.62E-17,
2.62E-17,
2.62E-17,
2.62E-17,
2.62E-17,
2.62E-17,
2.62E-17,
0.000323882,
0.028898045,
0.121894681,
0.27997761,
0.361410596,
0.400588215,
0.300845827,
0.317396907,
0.257997589,
0.22742574,
0.157025521,
0.132070568,
0.058792879,
0.012247137,
0,
0,
0,
0,
0,
0,
0,
0,
0,
0,
0.00060843,
0.033526617,
0.129653653,
0.271302508,
0.41652987,
0.522333403,
0.547324702,
0.533247297,
0.508586227,
0.486055907,
0.378716985,
0.237341227,
0.113004612,
0.023646854,
0,
0,
0,
0,
0,
0,
0,
0,
0,
0,
0.001246235,
0.04869205,
0.171108154,
0.326602144,
0.460657079,
0.559702288,
0.620307511,
0.637116875,
0.60444303,
0.534233381,
0.430842406,
0.2893774,
0.139635734,
0.031902851,
2.84E-05,
2.41E-16,
2.41E-16,
2.41E-16,
2.41E-16,
2.41E-16,
2.41E-16,
2.41E-16,
2.41E-16,
2.41E-16,
0.002184024,
0.059769379,
0.192124246,
0.355671341,
0.489443969,
0.587427911,
0.648646667,
0.653706791,
0.606705722,
0.538406502,
0.422910042,
0.194822348,
0.083679994,
0.020788056,
6.87E-05,
2.03E-16,
2.03E-16,
2.03E-16,
2.03E-16,
2.03E-16,
2.03E-16,
2.03E-16,
2.03E-16,
2.03E-16,
0.003019245,
0.0653035,
0.199875376,
0.365406839,
0.476093493,
0.558988304,
0.654315096,
0.624414909,
0.555160972,
0.515194561,
0.315707792,
0.147618262,
0.053010432,
0.015862862,
0.000126466,
3.20E-16,
3.20E-16,
3.20E-16,
3.20E-16,
3.20E-16,
3.20E-16,
3.20E-16,
3.20E-16,
3.20E-16,
0.002318829,
0.034114508,
0.1019589,
0.143815701,
0.188047095,
0.333050528,
0.476449365,
0.453208297,
0.499412855,
0.477121152,
0.372535723,
0.255961441,
0.094106198,
0.025217967,
0.000439892,
4.61E-16,
4.61E-16,
4.61E-16,
4.61E-16,
4.61E-16,
4.61E-16,
4.61E-16,
4.61E-16,
4.61E-16,
0.004791882,
0.068180596,
0.174233326,
0.313612145,
0.412776476,
0.281147791,
0.302577511,
0.454398892,
0.275862618,
0.209126794,
0.201850035,
0.161408256,
0.073181345,
0.023902897,
0.000522791,
1.10E-16,
1.10E-16,
1.10E-16,
1.10E-16,
1.10E-16,
1.10E-16,
1.10E-16,
1.10E-16,
1.10E-16,
0.00525393,
0.061368125,
0.177173033,
0.310519087,
0.41050308,
0.569809216,
0.646447333,
0.606808662,
0.528886967,
0.501648162,
0.390218024,
0.288289869,
0.147283177,
0.041414295,
0.001274242,
8.16E-17,
8.16E-17,
8.16E-17,
8.16E-17,
8.16E-17,
8.16E-17,
8.16E-17,
8.16E-17,
8.16E-17,
0.007966222,
0.082829089,
0.223004293,
0.384864888,
0.508197993,
0.574817558,
0.605953898,
0.644706064,
0.484536451,
0.334103953,
0.375802921,
0.228057322,
0.129320685,
0.038908133,
0.001613434,
1.44E-17,
1.44E-17,
1.44E-17,
1.44E-17,
1.44E-17,
1.44E-17,
1.44E-17,
1.44E-17,
1.44E-17,
0.010823028,
0.095691501,
0.244417707,
0.411057612,
0.535992201,
0.590211277,
0.645094673,
0.675014526,
0.624703814,
0.488915078,
0.385553853,
0.236080926,
0.130781638,
0.040301372,
0.001972915,
4.75E-18,
4.75E-18,
4.75E-18,
4.75E-18,
4.75E-18,
4.75E-18,
4.75E-18,
4.75E-18,
4.75E-18,
0.005836593,
0.034861353,
0.067041533,
0.096058576,
0.216732289,
0.233785,
0.267127893,
0.291954264,
0.336262957,
0.255107175,
0.191985333,
0.14947579,
0.10679248,
0.027505055,
0.001949763,
2.47E-18,
2.47E-18,
2.47E-18,
2.47E-18,
2.47E-18,
2.47E-18,
2.47E-18,
2.47E-18,
2.47E-18,
0.006274493,
0.036626148,
0.095453382,
0.25212801,
0.330921273,
0.278250655,
0.305286816,
0.199587219,
0.282424772,
0.268280399,
0.263977826,
0.183845221,
0.100651921,
0.031312346,
0.002623168,
0,
0,
0,
0,
0,
0,
0,
0,
0,
0.012618319,
0.081399254,
0.203854566,
0.255842195,
0.392625977,
0.302986782,
0.285365723,
0.363793654,
0.398815081,
0.401526999,
0.32535566,
0.261893008,
0.175414337,
0.058662804,
0.004672138,
0,
0,
0,
0,
0,
0,
0,
0,
0,
0.01250679,
0.06833345,
0.178772899,
0.323201884,
0.449609873,
0.403571487,
0.419868515,
0.445312901,
0.483571029,
0.401787773,
0.273257997,
0.186389722,
0.106790613,
0.050263039,
0.004765742,
0,
0,
0,
0,
0,
0,
0,
0,
0,
0.017530567,
0.091590825,
0.246456719,
0.407861738,
0.514143999,
0.303472854,
0.362165407,
0.32048399,
0.290360746,
0.225643394,
0.180503837,
0.138065119,
0.077378614,
0.035289544,
0.004664296,
0,
0,
0,
0,
0,
0,
0,
0,
0,
0.011425608,
0.041065145,
0.103713238,
0.192400703,
0.335939449,
0.28316141,
0.287171469,
0.364855294,
0.371552501,
0.308920092,
0.224312517,
0.233577626,
0.110427375,
0.041192109,
0.005536113,
0,
0,
0,
0,
0,
0,
0,
0,
1.22E-05,
0.015716481,
0.0642797,
0.142290145,
0.280145401,
0.371555115,
0.314586529,
0.324861,
0.376533957,
0.405650704,
0.3615932,
0.335230071,
0.262364641,
0.170959407,
0.056443056,
0.00744119,
8.05E-17,
8.05E-17,
8.05E-17,
8.05E-17,
8.05E-17,
8.05E-17,
8.05E-17,
8.05E-17,
0.000247455,
0.036455618,
0.149583335,
0.298952699,
0.417125105,
0.560643686,
0.591121806,
0.699362418,
0.52975393,
0.403300507,
0.35514855,
0.28436022,
0.151988798,
0.067042529,
0.030734164,
0.005433173,
4.68E-16,
4.68E-16,
4.68E-16,
4.68E-16,
4.68E-16,
4.68E-16,
4.68E-16,
4.68E-16,
0.000128208,
0.011996446,
0.040896109,
0.13606345,
0.155871396,
0.276343089,
0.32229011,
0.312760493,
0.284113015,
0.305105208,
0.303523888,
0.250992308,
0.155606515,
0.07109018,
0.031989859,
0.006124627,
5.49E-16,
5.49E-16,
5.49E-16,
5.49E-16,
5.49E-16,
5.49E-16,
5.49E-16,
5.49E-16,
0.000691329,
0.028705982,
0.112016785,
0.256945036,
0.425312019,
0.556654787,
0.657022907,
0.721054032,
0.741127109,
0.711603581,
0.636498736,
0.52960593,
0.374408312,
0.17021418,
0.059571839,
0.009939635,
8.36E-16,
8.36E-16,
8.36E-16,
8.36E-16,
8.36E-16,
8.36E-16,
8.36E-16,
8.36E-16,
0.000751326,
0.022961499,
0.088743229,
0.281867874,
0.454964378,
0.584192952,
0.669336513,
0.740576186,
0.703079839,
0.543713457,
0.594502773,
0.542859191,
0.400276034,
0.24303816,
0.104804379,
0.018314256,
1.20E-15,
1.20E-15,
1.20E-15,
1.20E-15,
1.20E-15,
1.20E-15,
1.20E-15,
1.20E-15,
0.002010507,
0.048452313,
0.164047108,
0.324677649,
0.47523487,
0.601630288,
0.689203833,
0.6967512,
0.757027687,
0.729242316,
0.586451535,
0.464267826,
0.327026975,
0.169271413,
0.065483739,
0.012414679,
1.22E-15,
1.22E-15,
1.22E-15,
1.22E-15,
1.22E-15,
1.22E-15,
1.22E-15,
1.22E-15,
0.002312356,
0.045047447,
0.141511808,
0.262900253,
0.410291225,
0.456954844,
0.502756729,
0.562041282,
0.722580334,
0.726748476,
0.613863857,
0.511759074,
0.414426256,
0.252203691,
0.117877028,
0.023525118,
1.32E-15,
1.32E-15,
1.32E-15,
1.32E-15,
1.32E-15,
1.32E-15,
1.32E-15,
1.32E-15,
0.003453411,
0.056102868,
0.177023041,
0.342575789,
0.49404777,
0.623163197,
0.719677224,
0.775982487,
0.791558187,
0.754872914,
0.677022294,
0.557308401,
0.407923353,
0.253445196,
0.109699699,
0.022957018,
1.51E-05,
1.27E-15,
1.27E-15,
1.27E-15,
1.27E-15,
1.27E-15,
1.27E-15,
1.27E-15,
0.00234111,
0.02455564,
0.074858884,
0.120979422,
0.184539911,
0.21187705,
0.238755627,
0.240904051,
0.293506457,
0.306318582,
0.279336194,
0.204835423,
0.165623324,
0.100682293,
0.051871369,
0.014017657,
6.11E-05,
1.21E-15,
1.21E-15,
1.21E-15,
1.21E-15,
1.21E-15,
1.21E-15,
1.21E-15,
0.003046754,
0.028216798,
0.078893962,
0.221998916,
0.416362078,
0.454775675,
0.514245072,
0.49276357,
0.492703449,
0.456118627,
0.371826345,
0.381789007,
0.283999121,
0.131703618,
0.049078169,
0.014416722,
0.000134432,
1.13E-15,
1.13E-15,
1.13E-15,
1.13E-15,
1.13E-15,
1.13E-15,
1.13E-15,
0.003785633,
0.029694182,
0.08621379,
0.140166492,
0.186493533,
0.268798461,
0.306788597,
0.326105866,
0.297959271,
0.348187706,
0.264358219,
0.252377332,
0.17874651,
0.114074094,
0.068590116,
0.017673588,
0.000297742,
1.08E-15,
1.08E-15,
1.08E-15,
1.08E-15,
1.08E-15,
1.08E-15,
1.08E-15,
0.004544427,
0.032150679,
0.102591975,
0.217768039,
0.343070947,
0.411024875,
0.470004964,
0.420436864,
0.446024395,
0.440403515,
0.388596001,
0.321410576,
0.363960325,
0.282292953,
0.150348353,
0.040719356,
0.001099729,
1.19E-15,
1.19E-15,
1.19E-15,
1.19E-15,
1.19E-15,
1.19E-15,
1.19E-15,
0.008224506,
0.064332229,
0.202992956,
0.365264316,
0.53876088,
0.626457157,
0.721269621,
0.660456153,
0.640352207,
0.686005594,
0.587184813,
0.436280433,
0.242644697,
0.190200249,
0.105293313,
0.029541452,
0.001039359,
1.39E-15,
1.39E-15,
1.39E-15,
1.39E-15,
1.39E-15,
1.39E-15,
1.39E-15,
0.006721729,
0.043295722,
0.095708056,
0.172460939,
0.357493643,
0.519089108,
0.686509466,
0.762708936,
0.738192506,
0.719000209,
0.6320275,
0.561714039,
0.442740767,
0.314843568,
0.165781158,
0.047928153,
0.002109713,
1.89E-15,
1.89E-15,
1.89E-15,
1.89E-15,
1.89E-15,
1.89E-15,
1.89E-15,
0.006842967,
0.035305353,
0.090445662,
0.212248855,
0.290279464,
0.35487147,
0.532355813,
0.652147627,
0.759183206,
0.678216624,
0.307734351,
0.203707189,
0.172611552,
0.134819455,
0.091184914,
0.027081594,
0.00158244,
1.87E-15,
1.87E-15,
1.87E-15,
1.87E-15,
1.87E-15,
1.87E-15,
1.87E-15,
0.006756706,
0.031611333,
0.091542404,
0.232781241,
0.427171788,
0.573620117,
0.681829984,
0.668036754,
0.697826283,
0.55137895,
0.315156994,
0.400370012,
0.334474139,
0.268341765,
0.145094797,
0.043394057,
0.002877469,
2.25E-15,
2.25E-15,
2.25E-15,
2.25E-15,
2.25E-15,
2.25E-15,
2.25E-15,
0.010229909,
0.051939706,
0.178672573,
0.406136277,
0.559963186,
0.678713027,
0.7681619,
0.796336253,
0.779395444,
0.768374626,
0.703062039,
0.612385353,
0.397998281,
0.175680338,
0.134310605,
0.042795834,
0.003310017,
2.12E-15,
2.12E-15,
2.12E-15,
2.12E-15,
2.12E-15,
2.12E-15,
2.12E-15,
0.008061693,
0.032913582,
0.074981491,
0.238436102,
0.432771382,
0.520570848,
0.518949324,
0.70362404,
0.608033612,
0.641560976,
0.636853238,
0.553726532,
0.405790986,
0.270161951,
0.096253004,
0.0281395,
0.002736315,
1.80E-15,
1.80E-15,
1.80E-15,
1.80E-15,
1.80E-15,
1.80E-15,
5.48E-06,
0.009850014,
0.037851845,
0.126886966,
0.168045218,
0.46108776,
0.669234195,
0.760561757,
0.625911711,
0.297982672,
0.468945689,
0.324262403,
0.235624106,
0.245349894,
0.105058182,
0.047741939,
0.019644761,
0.002445917,
1.53E-15,
1.53E-15,
1.53E-15,
1.53E-15,
1.53E-15,
1.53E-15,
1.08E-05,
0.009284528,
0.033067681,
0.118880415,
0.170896672,
0.315352668,
0.449142473,
0.328966282,
0.359739406,
0.511037248,
0.600687023,
0.46763286,
0.394409442,
0.444286487,
0.30839145,
0.180810292,
0.063495513,
0.006722849,
1.48E-15,
1.48E-15,
1.48E-15,
1.48E-15,
1.48E-15,
1.48E-15,
0.000136175,
0.013317117,
0.047928775,
0.08759035,
0.255757179,
0.566636121,
0.609565267,
0.390943708,
0.424586086,
0.480797247,
0.426132304,
0.357084745,
0.426608418,
0.344444644,
0.24956098,
0.158645552,
0.054967166,
0.00673455,
1.81E-15,
1.81E-15,
1.81E-15,
1.81E-15,
1.81E-15,
1.81E-15,
0.000465035,
0.022730102,
0.095590677,
0.230818408,
0.38220139,
0.563535096,
0.689356937,
0.773215924,
0.8087762,
0.835681787,
0.764204742,
0.641120711,
0.631598437,
0.500984591,
0.348829868,
0.186461917,
0.067920445,
0.008767835,
1.06E-15,
1.06E-15,
1.06E-15,
1.06E-15,
1.06E-15,
1.06E-15,
0.000885509,
0.030398083,
0.119838741,
0.26558877,
0.428494948,
0.573003472,
0.695165897,
0.754289877,
0.777429997,
0.735724432,
0.42867332,
0.483781142,
0.59770151,
0.407411017,
0.267736945,
0.14725181,
0.063698033,
0.009068316,
7.21E-16,
7.21E-16,
7.21E-16,
7.21E-16,
7.21E-16,
7.21E-16,
0.00056698,
0.016062643,
0.050101845,
0.188318573,
0.419191501,
0.577073528,
0.700669148,
0.796028677,
0.829901207,
0.768160282,
0.705203119,
0.414042378,
0.233058942,
0.435367415,
0.321125779,
0.141419573,
0.043977716,
0.007308251,
1.21E-15,
1.21E-15,
1.21E-15,
1.21E-15,
1.21E-15,
1.21E-15,
0.00061789,
0.013756013,
0.039527516,
0.11347251,
0.159306136,
0.414216891,
0.668388642,
0.655592201,
0.682487457,
0.782779523,
0.782762843,
0.655493866,
0.563079023,
0.421855248,
0.28610124,
0.181138157,
0.067759002,
0.01137756,
1.17E-15,
1.17E-15,
1.17E-15,
1.17E-15,
1.17E-15,
1.17E-15,
0.000582788,
0.014422198,
0.040751346,
0.090146177,
0.181607673,
0.27612389,
0.336441951,
0.344764293,
0.326954157,
0.363260655,
0.367537712,
0.350774404,
0.330917041,
0.332162405,
0.257725862,
0.144904974,
0.058076033,
0.011142927,
1.09E-15,
1.09E-15,
1.09E-15,
1.09E-15,
1.09E-15,
1.09E-15,
0.001422615,
0.020033369,
0.053537083,
0.106138866,
0.341728617,
0.323685217,
0.392916126,
0.440329702,
0.547491871,
0.537250635,
0.497906469,
0.54521362,
0.57150779,
0.431673396,
0.303260501,
0.223592185,
0.097070924,
0.018944096,
8.15E-16,
8.15E-16,
8.15E-16,
8.15E-16,
8.15E-16,
8.15E-16,
0.003816751,
0.052923549,
0.166142382,
0.331099645,
0.503661283,
0.626785022,
0.739902781,
0.84869444,
0.808306434,
0.770248211,
0.590359402,
0.418310472,
0.358554287,
0.462185124,
0.383654004,
0.228513769,
0.096271053,
0.020637567,
4.98E-07,
0,
0,
0,
0,
0,
0.005140409,
0.060345321,
0.17402533,
0.237243764,
0.313179971,
0.466300738,
0.611225378,
0.468331907,
0.654007271,
0.545742013,
0.56180503,
0.380459125,
0.210228266,
0.159267923,
0.127275948,
0.080154139,
0.036763692,
0.010206508,
2.02E-05,
0,
0,
0,
0,
0,
0.001224203,
0.01899625,
0.050437303,
0.116234716,
0.217880066,
0.299421345,
0.340329154,
0.377338185,
0.389979905,
0.388411406,
0.357367551,
0.341006916,
0.318737245,
0.216313309,
0.140825582,
0.079625871,
0.034399181,
0.010119376,
5.44E-05,
0,
0,
0,
0,
0,
0.001931839,
0.021722981,
0.052601659,
0.0830158,
0.156451446,
0.24315417,
0.327868295,
0.367453318,
0.316565793,
0.3416558,
0.443935096,
0.404832908,
0.323282792,
0.469115845,
0.367071058,
0.225825376,
0.089203161,
0.022089931,
0.000330479,
0,
0,
0,
0,
0,
0.004270957,
0.030144654,
0.072753403,
0.082151451,
0.15556743,
0.259167771,
0.329942782,
0.46259564,
0.517386426,
0.481267759,
0.399922901,
0.364590164,
0.310102099,
0.282174205,
0.172383516,
0.07366916,
0.040465304,
0.01296249,
0.000225174,
0,
0,
0,
0,
0,
0.003713313,
0.022195485,
0.055024175,
0.191294999,
0.332643498,
0.49960716,
0.508064556,
0.57306073,
0.585285088,
0.365253487,
0.250090617,
0.219746929,
0.189189768,
0.15658314,
0.093899073,
0.072014276,
0.054652993,
0.015674657,
0.000520178,
0,
0,
0,
0,
0,
0.003741071,
0.020410775,
0.063244324,
0.135104874,
0.315596139,
0.434115081,
0.498031815,
0.363166802,
0.476011216,
0.37814179,
0.354091515,
0.352637657,
0.222316574,
0.348074932,
0.233612728,
0.102684957,
0.039847415,
0.013682822,
0.000238492,
0,
0,
0,
0,
0,
0.004766862,
0.025254438,
0.056944189,
0.127084382,
0.187910671,
0.388002882,
0.347946849,
0.311313481,
0.438039627,
0.3513374,
0.371702368,
0.359069486,
0.340678802,
0.26389032,
0.230269477,
0.155962262,
0.0652562,
0.019113256,
0.001027534,
0,
0,
0,
0,
0,
0.008744185,
0.053413355,
0.151724042,
0.283603791,
0.383247098,
0.453625409,
0.502271778,
0.543640267,
0.632583152,
0.483606878,
0.551288457,
0.367561984,
0.349643805,
0.395957527,
0.312810407,
0.146068932,
0.063929181,
0.020612298,
0.001253953,
0,
0,
0,
0,
0,
0.003978443,
0.025088638,
0.056551722,
0.08998934,
0.166890098,
0.236362238,
0.230087869,
0.471222197,
0.513805802,
0.617368427,
0.580622162,
0.581103877,
0.343155216,
0.242961235,
0.158104961,
0.083344163,
0.04295429,
0.016256201,
0.000998781,
0,
0,
0,
0,
0,
0.008330682,
0.038379989,
0.088386113,
0.128233403,
0.215557253,
0.399712166,
0.533328454,
0.555147903,
0.556212157,
0.468701969,
0.449196619,
0.422088637,
0.434032181,
0.595404215,
0.413018205,
0.294162685,
0.144292188,
0.044683609,
0.003406111,
0,
0,
0,
0,
0,
0.006841224,
0.031495447,
0.08045325,
0.218390161,
0.488797201,
0.452589909,
0.661981335,
0.764063215,
0.793078639,
0.792561076,
0.826246771,
0.806086562,
0.732521712,
0.628746361,
0.358417241,
0.167621881,
0.080258199,
0.0275714,
0.002567404,
0,
0,
0,
0,
1.06E-05,
0.012336634,
0.057857705,
0.100765192,
0.118940038,
0.356437106,
0.573303704,
0.732057548,
0.549998158,
0.67023671,
0.702157486,
0.635409587,
0.471899212,
0.355290575,
0.398163334,
0.354703804,
0.207914789,
0.065015965,
0.023518272,
0.00250915,
0,
0,
0,
0,
4.11E-06,
0.00598173,
0.028830331,
0.058617744,
0.13602561,
0.334701055,
0.42896322,
0.592374514,
0.671853007,
0.556845606,
0.560843591,
0.507673085,
0.465862962,
0.596111602,
0.574702295,
0.461425707,
0.299454206,
0.141240206,
0.047327565,
0.004923326,
0,
0,
0,
0,
7.72E-06,
0.0072434,
0.03112327,
0.060826912,
0.105367749,
0.226971534,
0.372154085,
0.522072754,
0.511141931,
0.504238345,
0.511091892,
0.419799806,
0.397709626,
0.324074323,
0.343683858,
0.319366959,
0.212725466,
0.09089713,
0.032311873,
0.004250295,
0,
0,
0,
0,
1.48E-05,
0.007572385,
0.030866604,
0.060983749,
0.120625667,
0.234941739,
0.455253656,
0.434838276,
0.471653375,
0.482043109,
0.552188654,
0.552275537,
0.358817301,
0.273326582,
0.257944937,
0.137090237,
0.084426714,
0.045790184,
0.018882356,
0.002911824,
0,
0,
0,
0,
2.34E-05,
0.007796688,
0.031180777,
0.061108721,
0.12115518,
0.269326231,
0.402096344,
0.518640005,
0.624639336,
0.858626482,
0.925459521,
0.878350907,
0.812004811,
0.72161902,
0.619237158,
0.490188449,
0.323564601,
0.167030256,
0.060467928,
0.008440344,
0,
0,
0,
0,
0.000734895,
0.026979525,
0.108167297,
0.240339312,
0.395032187,
0.563166528,
0.672095358,
0.759750932,
0.848567601,
0.855239043,
0.846763722,
0.87010524,
0.793621845,
0.739249789,
0.607767984,
0.497422638,
0.332091455,
0.17642208,
0.065887035,
0.009865448,
0,
0,
0,
0,
0.001028157,
0.029767248,
0.113745233,
0.248351713,
0.416552399,
0.576443315,
0.724665899,
0.849420996,
0.939185162,
0.985897202,
0.99343349,
0.963273899,
0.897943264,
0.789785551,
0.652680377,
0.50122856,
0.333456812,
0.174476922,
0.06502194,
0.010254057,
0,
0,
0,
0,
0.001326023,
0.029237362,
0.11076806,
0.240591123,
0.408371958,
0.565246242,
0.699154298,
0.785738149,
0.903908563,
0.967657132,
0.971637443,
0.936390095,
0.878358002,
0.768217042,
0.632426066,
0.480076542,
0.316308131,
0.165689296,
0.061785612,
0.010356997,
0,
0,
0,
0,
0.001255695,
0.02331152,
0.086067035,
0.222411298,
0.39674744,
0.555947649,
0.702021186,
0.828015922,
0.915502211,
0.961904933,
0.967887036,
0.928400348,
0.868630471,
0.770813946,
0.635860433,
0.486178389,
0.323057867,
0.168743642,
0.064014321,
0.011196326,
0,
0,
0,
0,
0.001425727,
0.025035363,
0.092160294,
0.221910788,
0.393489454,
0.550752471,
0.697410664,
0.820486853,
0.908036375,
0.953345467,
0.953063658,
0.926575183,
0.857340291,
0.762262447,
0.623210871,
0.476673169,
0.315624146,
0.164804035,
0.062287243,
0.011666963,
0,
0,
0,
0,
0.001808361,
0.028174601,
0.102803581,
0.224911735,
0.387238113,
0.541251483,
0.686028622,
0.808948846,
0.894533792,
0.937707778,
0.920661665,
0.888116402,
0.850252608,
0.74461948,
0.617810808,
0.449928154,
0.136783533,
0.053493766,
0.025936307,
0.006234164,
0,
0,
0,
0,
0.001410541,
0.020756439,
0.070884299,
0.213172328,
0.407811699,
0.563121966,
0.704379847,
0.824041088,
0.907311936,
0.854857903,
0.430986049,
0.645574645,
0.802661282,
0.697032636,
0.511812971,
0.389270527,
0.239802081,
0.121169494,
0.05006276,
0.010288287,
1.24E-07,
0,
0,
0,
0.000255172,
0.009623969,
0.030315557,
0.053050513,
0.094363238,
0.146388208,
0.240729538,
0.2230974,
0.321709438,
0.470769982,
0.402480098,
0.307874758,
0.25080958,
0.190220663,
0.173440675,
0.137247946,
0.107515302,
0.06183814,
0.024825126,
0.006580824,
4.36E-06,
0,
0,
0,
0.000332097,
0.011187115,
0.034986948,
0.064567236,
0.120616082,
0.241316683,
0.422749096,
0.54350459,
0.591381957,
0.540862377,
0.546738429,
0.613776476,
0.587033203,
0.670819747,
0.617984076,
0.425605032,
0.137656719,
0.058886982,
0.026444037,
0.007233442,
1.38E-05,
0,
0,
0,
0.000412756,
0.011877698,
0.036135346,
0.06547042,
0.131996257,
0.265272855,
0.370720516,
0.466925224,
0.446035598,
0.422636074,
0.536152275,
0.643879556,
0.558934531,
0.458440692,
0.350668974,
0.27428217,
0.18756314,
0.097461026,
0.039328357,
0.010262645,
5.25E-05,
0,
0,
0,
0.003446938,
0.038841788,
0.127182717,
0.262234939,
0.431347896,
0.588944131,
0.736819307,
0.862329713,
0.94987936,
0.993247899,
0.984719552,
0.954021735,
0.902926462,
0.815528176,
0.682958342,
0.530129717,
0.366376866,
0.206585903,
0.088907535,
0.020844069,
0.000229281,
0,
0,
0,
0.003590084,
0.038355343,
0.122115747,
0.258118827,
0.422098968,
0.582239579,
0.726154734,
0.848294754,
0.933955007,
0.978532564,
0.975977981,
0.943892153,
0.884138831,
0.802318978,
0.669432234,
0.514619988,
0.327639636,
0.170112485,
0.070345575,
0.016561411,
0.000254301,
0,
0,
0,
0.000684483,
0.012545253,
0.033218543,
0.062219031,
0.089470158,
0.244907638,
0.341399632,
0.389009006,
0.361612369,
0.287930388,
0.363949993,
0.290532645,
0.223972204,
0.218963364,
0.158356772,
0.169265438,
0.095022328,
0.057358688,
0.026801278,
0.008128785,
6.09E-05,
0,
0,
0,
0.000603949,
0.012518615,
0.036886672,
0.062681328,
0.140136244,
0.35329986,
0.489907635,
0.500598845,
0.515335714,
0.381555245,
0.446681121,
0.502284972,
0.402647391,
0.458589563,
0.409465588,
0.356779908,
0.24260387,
0.101429013,
0.040171794,
0.011616177,
0.000241231,
0,
0,
0,
0.003876125,
0.036241398,
0.112978597,
0.19513316,
0.182627366,
0.241060141,
0.327180202,
0.480521537,
0.847948342,
0.911934782,
0.936083889,
0.917986217,
0.875489868,
0.771952387,
0.658191221,
0.512195729,
0.354539249,
0.195645371,
0.085828542,
0.021175046,
0.000567602,
0,
0,
0,
0.000759168,
0.014533478,
0.03913953,
0.071601146,
0.133579319,
0.237029544,
0.444590328,
0.527245028,
0.504123704,
0.506668703,
0.531172313,
0.475313911,
0.421443736,
0.285968551,
0.203187136,
0.152060744,
0.091282627,
0.055324905,
0.02819514,
0.009199014,
0.000152481,
0,
0,
0,
0.001406682,
0.013336037,
0.03398518,
0.103996666,
0.139499933,
0.44397692,
0.605552469,
0.722166831,
0.596175208,
0.589965565,
0.414916187,
0.494097809,
0.400479176,
0.355311238,
0.284469633,
0.183824185,
0.129173307,
0.057619586,
0.026875465,
0.008630042,
0.000194553,
0,
0,
0,
0.00077759,
0.013984049,
0.038531225,
0.063366807,
0.103616273,
0.169154905,
0.278198874,
0.356286119,
0.340792447,
0.441010078,
0.469869536,
0.416433527,
0.497200452,
0.562904759,
0.451582166,
0.285784454,
0.252417288,
0.091547259,
0.035637823,
0.010534248,
0.000391969,
0,
0,
0,
0.000785307,
0.012679934,
0.03536398,
0.06152322,
0.076659651,
0.111993384,
0.18759264,
0.253163262,
0.22347381,
0.243265575,
0.249005078,
0.237360645,
0.237087549,
0.262725616,
0.322225882,
0.315525064,
0.178779994,
0.074610184,
0.036344214,
0.011389634,
0.000416117,
0,
0,
0,
0.000906919,
0.014775083,
0.039233384,
0.074660472,
0.139697722,
0.284103928,
0.529845916,
0.702488462,
0.710990296,
0.660563699,
0.813706746,
0.75357913,
0.72115635,
0.674682056,
0.617465517,
0.448083322,
0.219451303,
0.102312282,
0.056322565,
0.015507738,
0.000677139,
0,
0,
0,
0.003314871,
0.027232332,
0.082394923,
0.094868852,
0.222512371,
0.523780539,
0.690926556,
0.690551764,
0.585259446,
0.668970061,
0.50150203,
0.549116881,
0.591507427,
0.669615708,
0.620445802,
0.449450795,
0.299991685,
0.109360755,
0.036685273,
0.012078848,
0.000453335,
0,
0,
0,
0.000880655,
0.014565468,
0.038598565,
0.068540451,
0.179195987,
0.38106158,
0.675861199,
0.830870861,
0.672443388,
0.558042425,
0.507955019,
0.723354813,
0.33636876,
0.523258868,
0.524684968,
0.468354686,
0.317013028,
0.070795176,
0.037131015,
0.011949021,
0.000512087,
0,
0,
0,
0.002191368,
0.017646328,
0.045081304,
0.170263845,
0.419276267,
0.573565348,
0.705207103,
0.825374954,
0.878046069,
0.781784476,
0.633233405,
0.728727242,
0.515998415,
0.416454563,
0.286263306,
0.1934194,
0.090615072,
0.058822006,
0.029983584,
0.009349876,
9.37E-05,
0,
0,
0,
0.000860863,
0.014239346,
0.037906987,
0.061652798,
0.141946223,
0.165919324,
0.175152195,
0.420209699,
0.277761472,
0.239769842,
0.317916088,
0.269285155,
0.24983084,
0.245002736,
0.243256612,
0.342758641,
0.231060759,
0.073367434,
0.029767995,
0.009879265,
0.000123354,
0,
0,
0,
0.001355524,
0.01509299,
0.037537299,
0.070745013,
0.140240678,
0.32612155,
0.447158479,
0.624592036,
0.667310696,
0.583908279,
0.469867171,
0.50554271,
0.447206651,
0.467998814,
0.399408947,
0.280852912,
0.204021362,
0.187467419,
0.086028821,
0.022243408,
0.00114093,
0,
0,
0,
0.00417337,
0.034478969,
0.109877323,
0.235848782,
0.396441607,
0.549841694,
0.685440233,
0.659409699,
0.710444726,
0.712587424,
0.871522379,
0.892214589,
0.499095695,
0.671570451,
0.589216604,
0.416809812,
0.098368443,
0.157430311,
0.087073782,
0.022821715,
0.001245115,
0,
0,
0,
0.004388088,
0.037782015,
0.119169942,
0.23848863,
0.34270686,
0.383941414,
0.52563035,
0.425735978,
0.568528875,
0.849883293,
0.840527193,
0.667155477,
0.535614297,
0.427742004,
0.517659771,
0.308796489,
0.112442611,
0.062645604,
0.029187697,
0.009698155,
0.000121736,
0,
0,
0,
0.001651648,
0.01549778,
0.038898299,
0.091886575,
0.221888134,
0.266161849,
0.410031945,
0.529346152,
0.585309236,
0.623950745,
0.454242552,
0.382932551,
0.230797869,
0.130061306,
0.143136072,
0.22719372,
0.153764173,
0.068053259,
0.032289468,
0.010433175,
0.000346661,
0,
0,
0,
0.000615151,
0.012505794,
0.036384668,
0.060911181,
0.09716428,
0.176014552,
0.320156872,
0.338372545,
0.319327003,
0.25080597,
0.24196706,
0.25617815,
0.203152906,
0.220030606,
0.247286837,
0.23511787,
0.152132566,
0.084568988,
0.034102683,
0.011061147,
0.000393587,
0,
0,
0,
0.003675846,
0.034116126,
0.108672787,
0.244303316,
0.407844312,
0.561537161,
0.706346912,
0.826603513,
0.912733532,
0.95978352,
0.964623199,
0.936825257,
0.887655101,
0.794457066,
0.665942227,
0.519511449,
0.363875558,
0.20782803,
0.090633245,
0.023512297,
0.000990192,
0,
0,
0,
0.000541836,
0.01298726,
0.037677457,
0.063058733,
0.106729372,
0.213872122,
0.319181991,
0.387441005,
0.411491778,
0.312150445,
0.311015241,
0.369677672,
0.356706842,
0.340930863,
0.450025866,
0.206891487,
0.13591545,
0.080086798,
0.030106565,
0.009985193,
0.000233762,
0,
0,
0,
0.000460803,
0.011831767,
0.035327384,
0.0627529,
0.090178541,
0.137845546,
0.207563274,
0.320869611,
0.312338899,
0.244017647,
0.272186274,
0.290540736,
0.283751044,
0.332154563,
0.243799569,
0.184288722,
0.11255775,
0.061869632,
0.030120008,
0.009093211,
7.18E-05,
0,
0,
0,
0.000430058,
0.012095154,
0.036150034,
0.066714913,
0.281776759,
0.45915729,
0.509129433,
0.649555204,
0.60160975,
0.48549652,
0.556241533,
0.683151277,
0.598885384,
0.766552325,
0.658477761,
0.516221099,
0.36083316,
0.205876898,
0.089843083,
0.022784123,
0.000788544,
0,
0,
0,
0.001266525,
0.016213133,
0.042535185,
0.071999961,
0.26119421,
0.550036247,
0.694313871,
0.816584962,
0.899619184,
0.951288407,
0.961611423,
0.935293478,
0.865002671,
0.517100135,
0.640645842,
0.249946601,
0.255550054,
0.199737459,
0.085743153,
0.020794902,
0.000630213,
0,
0,
0,
0.000316662,
0.010756185,
0.033058967,
0.059060125,
0.134902231,
0.215339797,
0.209430137,
0.350286714,
0.689894665,
0.505641293,
0.524530371,
0.291424502,
0.401300083,
0.350223854,
0.463545253,
0.281547727,
0.25223817,
0.115615706,
0.034033351,
0.00992781,
0.000220319,
0,
0,
0,
0.000311559,
0.010873938,
0.031339606,
0.059247833,
0.095261816,
0.155841647,
0.233149435,
0.34424424,
0.423095633,
0.355558941,
0.35601016,
0.455405888,
0.307416693,
0.339445388,
0.282205199,
0.188539515,
0.088486812,
0.058464641,
0.029568712,
0.009110637,
8.10E-05,
0,
0,
0,
0.000199532,
0.010943146,
0.035090759,
0.065448762,
0.133277967,
0.358234887,
0.658734302,
0.567404749,
0.745227536,
0.885318721,
0.863646899,
0.8418511,
0.836071516,
0.784805589,
0.67220726,
0.520437039,
0.362603432,
0.20694165,
0.088465403,
0.021027544,
0.000380269,
0,
0,
0,
0.000828376,
0.01489408,
0.042236074,
0.099569992,
0.10294237,
0.20075155,
0.431044054,
0.58024849,
0.547159649,
0.420677224,
0.65843183,
0.5315837,
0.397552913,
0.393510988,
0.252454506,
0.147617764,
0.123344058,
0.072157048,
0.031847958,
0.009075784,
9.31E-05,
0,
0,
0,
0.000112276,
0.009851881,
0.032928021,
0.057726509,
0.084249214,
0.129593532,
0.192877688,
0.269888357,
0.268905384,
0.253019245,
0.240269108,
0.212307233,
0.217080568,
0.238430251,
0.197550697,
0.14177171,
0.103099207,
0.056583588,
0.027537543,
0.006734052,
1.23E-05,
0,
0,
0,
0.000167293,
0.011754219,
0.034068826,
0.065369223,
0.106825964,
0.185029717,
0.267647573,
0.286026556,
0.336073259,
0.41618296,
0.455074911,
0.464997369,
0.375501195,
0.41302281,
0.428711782,
0.379385785,
0.199841644,
0.159326426,
0.077632292,
0.016893384,
9.12E-05,
0,
0,
0,
7.18E-05,
0.009722303,
0.033499606,
0.062809785,
0.116129785,
0.181720696,
0.220966278,
0.31500999,
0.447754461,
0.508781652,
0.590992851,
0.714233222,
0.478474559,
0.232687761,
0.311969087,
0.310837865,
0.238709322,
0.100721751,
0.039981971,
0.009597331,
2.05E-05,
0,
0,
0,
0.000124225,
0.010450726,
0.031880819,
0.071664628,
0.277472318,
0.514100059,
0.667443012,
0.791427987,
0.884202437,
0.935933897,
0.947984863,
0.927967053,
0.870211915,
0.766253089,
0.641826852,
0.49447509,
0.33768383,
0.186413496,
0.075049578,
0.015478735,
2.39E-05,
0,
0,
0,
0.000591999,
0.01920935,
0.076292079,
0.199541288,
0.362645006,
0.516582323,
0.661737241,
0.786123521,
0.87507039,
0.92556632,
0.937862126,
0.91762935,
0.857070431,
0.762198841,
0.630832548,
0.484673497,
0.32833831,
0.179125036,
0.070457228,
0.013953802,
1.24E-07,
0,
0,
0,
4.77E-05,
0.009188682,
0.030805363,
0.05955267,
0.09151863,
0.233359921,
0.391425423,
0.431405776,
0.4656704,
0.430109627,
0.416244699,
0.413630244,
0.340971566,
0.350664617,
0.33103691,
0.25911935,
0.159127765,
0.077020004,
0.034008954,
0.007711423,
0,
0,
0,
0,
1.68E-05,
0.006602732,
0.029344285,
0.057273299,
0.119538634,
0.189551614,
0.292669991,
0.398891632,
0.332100915,
0.519521158,
0.411459664,
0.463945811,
0.280629232,
0.328701152,
0.295403319,
0.260229162,
0.172562759,
0.058275814,
0.026185504,
0.006003015,
0,
0,
0,
0,
1.05E-05,
0.006513359,
0.030001882,
0.059685982,
0.104262418,
0.213369745,
0.438386163,
0.47686461,
0.597771589,
0.375934863,
0.422758308,
0.369419014,
0.261089652,
0.198995095,
0.267690143,
0.191506605,
0.128442395,
0.085503042,
0.030226309,
0.006333868,
0,
0,
0,
0,
7.47E-06,
0.007315844,
0.0302166,
0.061838887,
0.198999452,
0.258736592,
0.420866051,
0.268135387,
0.452421122,
0.41273764,
0.32878791,
0.257978047,
0.392768251,
0.480367438,
0.325862892,
0.221301611,
0.154367997,
0.063486427,
0.025486955,
0.005096345,
0,
0,
0,
0,
2.61E-06,
0.006925742,
0.02984604,
0.060781105,
0.120492977,
0.373851041,
0.571107357,
0.580767299,
0.721461561,
0.670120451,
0.587059841,
0.483134125,
0.341808156,
0.356695017,
0.316466836,
0.215546051,
0.115669355,
0.056657152,
0.02325003,
0.004272824,
0,
0,
0,
0,
0,
0.011840604,
0.058881505,
0.163311092,
0.316398002,
0.477994338,
0.266063017,
0.241526048,
0.266928984,
0.334195815,
0.397783937,
0.470966153,
0.742612957,
0.403631484,
0.416288016,
0.377320136,
0.303352861,
0.096143218,
0.028660797,
0.004813167,
0,
0,
0,
0,
0,
0.01183575,
0.063381495,
0.165814766,
0.329006985,
0.496015707,
0.639939575,
0.763097669,
0.85062267,
0.885175825,
0.850465085,
0.866761616,
0.79768605,
0.737212272,
0.586770687,
0.400331051,
0.199993254,
0.085235796,
0.035569113,
0.005266253,
0,
0,
0,
0,
0,
0.003486272,
0.022538909,
0.048320371,
0.068099688,
0.095173564,
0.145708455,
0.183110823,
0.247119295,
0.263710455,
0.527317846,
0.627981343,
0.619944171,
0.416379629,
0.221632339,
0.14903179,
0.067142731,
0.042685301,
0.016481499,
0.001533895,
0,
0,
0,
0,
0,
0.003002566,
0.021327278,
0.04996816,
0.112805453,
0.256167197,
0.253912098,
0.460535468,
0.551492346,
0.522823831,
0.677787437,
0.731136937,
0.669366511,
0.707300136,
0.450055242,
0.287922422,
0.198484129,
0.098556647,
0.032833296,
0.004096942,
0,
0,
0,
0,
0,
0.004505965,
0.023381102,
0.07516397,
0.165132274,
0.374413291,
0.468334272,
0.256835374,
0.375547126,
0.377396065,
0.376761247,
0.669648445,
0.316490237,
0.653509624,
0.520908796,
0.329121875,
0.281259693,
0.075879696,
0.02676182,
0.003287736,
0,
0,
0,
0,
0,
0.009846902,
0.067655937,
0.181835212,
0.337487534,
0.496423111,
0.639650297,
0.766593028,
0.833741733,
0.909268545,
0.92253276,
0.887230769,
0.804840203,
0.698334262,
0.603198413,
0.461834107,
0.300233165,
0.148359256,
0.048878513,
0.004666536,
0,
0,
0,
0,
0,
0.005002367,
0.031507895,
0.073924456,
0.211094357,
0.358514082,
0.425198872,
0.697033258,
0.823663309,
0.778460021,
0.659854445,
0.556568775,
0.277607373,
0.18387273,
0.222832768,
0.300802136,
0.255837714,
0.1221328,
0.038200248,
0.003578508,
0,
0,
0,
0,
0,
0.003070778,
0.020276218,
0.051418035,
0.113065604,
0.24933481,
0.579056401,
0.564351398,
0.610840878,
0.652510096,
0.679192501,
0.572819624,
0.520558277,
0.522468955,
0.337316631,
0.250047674,
0.102823622,
0.067456405,
0.021900606,
0.001848815,
0,
0,
0,
0,
0,
0.001168314,
0.014721434,
0.038347874,
0.058908765,
0.081045249,
0.158327396,
0.228663884,
0.283154315,
0.305469793,
0.461418985,
0.437167685,
0.40823877,
0.219133147,
0.294825634,
0.327362183,
0.13967096,
0.050381538,
0.018120326,
0.001315567,
0,
0,
0,
0,
0,
0.000970898,
0.014684217,
0.039286783,
0.06130066,
0.09589651,
0.173738542,
0.158331379,
0.257037147,
0.645880104,
0.876050624,
0.85880224,
0.796500434,
0.603373548,
0.449286614,
0.402935798,
0.279755174,
0.137849281,
0.040300625,
0.002347209,
0,
0,
0,
0,
0,
0.001821057,
0.019486679,
0.052106875,
0.248815255,
0.46303466,
0.574592384,
0.565071854,
0.634308613,
0.625774167,
0.359432453,
0.506169313,
0.397802857,
0.469880614,
0.412987335,
0.183088169,
0.139211899,
0.09467156,
0.027394646,
0.001413529,
0,
0,
0,
0,
0,
0.002385423,
0.027486757,
0.086819606,
0.259625587,
0.318957315,
0.493828571,
0.656477461,
0.796320693,
0.62513076,
0.42362888,
0.596354824,
0.673896624,
0.360723125,
0.185392186,
0.139224471,
0.106311885,
0.05434492,
0.017626661,
0.000699918,
0,
0,
0,
0,
0,
0.000556275,
0.016654394,
0.046165474,
0.081497713,
0.183739667,
0.391232986,
0.542093053,
0.748677835,
0.858258537,
0.834225191,
0.829961826,
0.699373372,
0.567367904,
0.526893015,
0.417702416,
0.264799604,
0.124190731,
0.032431867,
0.001111928,
0,
0,
0,
0,
0,
0.002537032,
0.039639916,
0.135679074,
0.279978854,
0.439577007,
0.584681015,
0.712258439,
0.810212383,
0.866578763,
0.880835411,
0.855473801,
0.790804496,
0.696009831,
0.562429517,
0.418604107,
0.2572907,
0.118462555,
0.029608046,
0.000742364,
0,
0,
0,
0,
0,
0.001893501,
0.033991403,
0.121067799,
0.25824467,
0.415676226,
0.557547267,
0.688323179,
0.784262757,
0.843155091,
0.807284128,
0.723122295,
0.641780921,
0.544083146,
0.485005594,
0.367124582,
0.235222801,
0.100422391,
0.023559473,
0.000388608,
0,
0,
0,
0,
0,
0.001503523,
0.032211423,
0.119419761,
0.258813144,
0.415738836,
0.562045389,
0.689809151,
0.785129844,
0.805399714,
0.76922827,
0.753318481,
0.737463212,
0.637510587,
0.522357053,
0.34482317,
0.207949891,
0.093591373,
0.021063019,
0.00019057,
0,
0,
0,
0,
0,
0.000796137,
0.019348388,
0.073226654,
0.086458133,
0.254911875,
0.498693768,
0.667116641,
0.767667987,
0.827520515,
0.845134479,
0.820079076,
0.755622996,
0.651158307,
0.518438108,
0.375851714,
0.218410948,
0.09261562,
0.019934163,
6.31E-05,
0,
0,
0,
0,
0,
0.000795888,
0.02922479,
0.116742198,
0.253561704,
0.413817204,
0.557632905,
0.687488579,
0.783393803,
0.845720628,
0.861150694,
0.828886121,
0.771117414,
0.669227349,
0.534060984,
0.391077642,
0.231754578,
0.099251836,
0.020208504,
1.37E-06,
0,
0,
0,
0,
0,
0.000466156,
0.026402338,
0.110903986,
0.246893249,
0.407487818,
0.552953423,
0.684364652,
0.782516758,
0.842776316,
0.861353587,
0.840835764,
0.761768285,
0.670528726,
0.537710318,
0.387987447,
0.192882045,
0.079028021,
0.015336212,
0,
0,
0,
0,
0,
0,
0.000159576,
0.013347613,
0.050261545,
0.190239707,
0.276384041,
0.497052078,
0.608538728,
0.568087614,
0.555825913,
0.619461336,
0.521592408,
0.573964537,
0.433531422,
0.425224763,
0.183811862,
0.057088828,
0.026508141,
0.005845929,
0,
0,
0,
0,
0,
0,
9.86E-05,
0.019938146,
0.089240379,
0.197922501,
0.397711493,
0.411375768,
0.67275308,
0.765010463,
0.804636438,
0.83778789,
0.709441589,
0.545955113,
0.323240595,
0.460753547,
0.306399615,
0.079033,
0.034741982,
0.006953624,
0,
0,
0,
0,
0,
0,
4.61E-06,
0.009510573,
0.034492785,
0.081988141,
0.184222378,
0.404493841,
0.44018581,
0.68396372,
0.761936698,
0.801321069,
0.69721026,
0.579885648,
0.540550569,
0.506519334,
0.357226771,
0.190494257,
0.066637365,
0.009864702,
0,
0,
0,
0,
0,
0,
0,
0.007476167,
0.02915247,
0.07005443,
0.166532732,
0.424838644,
0.593648133,
0.691481711,
0.749723667,
0.769544808,
0.722222347,
0.268226253,
0.106892308,
0.096342875,
0.067368651,
0.045345687,
0.020753825,
0.003948445,
0,
0,
0,
0,
0,
0,
0,
0.013385453,
0.070442416,
0.169978551,
0.31381927,
0.462959851,
0.591139481,
0.690501228,
0.75290809,
0.775097849,
0.737823938,
0.682335972,
0.584719975,
0.451014066,
0.313740603,
0.167690591,
0.059801618,
0.007749388,
0,
0,
0,
0,
0,
0,
0,
0.013759,
0.080490592,
0.209992512,
0.367488171,
0.515792659,
0.64500642,
0.742470309,
0.80378155,
0.811879465,
0.78670021,
0.720528253,
0.619307983,
0.456336706,
0.228092299,
0.100756728,
0.03830742,
0.004774829,
0,
0,
0,
0,
0,
0,
0,
0.013003317,
0.081947687,
0.209248903,
0.366868663,
0.51311634,
0.641717066,
0.738869521,
0.796984763,
0.816175566,
0.785029642,
0.721249332,
0.613929579,
0.48039644,
0.33131959,
0.175940489,
0.060461207,
0.006185121,
0,
0,
0,
0,
0,
0,
0,
0.011720736,
0.07738795,
0.175428029,
0.27626106,
0.487845596,
0.642549923,
0.743743431,
0.808806945,
0.818452821,
0.794938532,
0.731389744,
0.63096225,
0.506169437,
0.352004582,
0.189957649,
0.065690739,
0.005623991,
0,
0,
0,
0,
0,
0,
0,
0.005755312,
0.031358775,
0.069112659,
0.171973373,
0.345375088,
0.440802206,
0.615622304,
0.686786296,
0.721872823,
0.746228806,
0.724693034,
0.631302313,
0.508240687,
0.324910914,
0.161788275,
0.052792727,
0.003901145,
0,
0,
0,
0,
0,
0,
0,
0.006818694,
0.047449176,
0.138474017,
0.339850676,
0.397952599,
0.476196433,
0.632770113,
0.741150012,
0.815613068,
0.795475763,
0.732647804,
0.633967927,
0.50037641,
0.337698269,
0.178586063,
0.05727417,
0.003553364,
0,
0,
0,
0,
0,
0,
0,
0.005129829,
0.038805068,
0.116522501,
0.341689906,
0.497657645,
0.615575999,
0.716245098,
0.755931443,
0.785495674,
0.757804405,
0.652479227,
0.256238022,
0.369006507,
0.21327614,
0.101907616,
0.029784177,
0.001675049,
0,
0,
0,
0,
0,
0,
0,
0.002934603,
0.024992917,
0.061996222,
0.148387387,
0.255114394,
0.319423471,
0.41179786,
0.403924123,
0.527701724,
0.577418197,
0.523693158,
0.500150614,
0.47179677,
0.31993008,
0.165148455,
0.048251661,
0.002077598,
0,
0,
0,
0,
0,
0,
0,
0.003300183,
0.028680838,
0.07012675,
0.130739192,
0.366303675,
0.542399757,
0.594375063,
0.521791442,
0.622631817,
0.484680343,
0.464258863,
0.251081307,
0.158376688,
0.085374585,
0.052515025,
0.018244426,
0.000500262,
0,
0,
0,
0,
0,
0,
0,
0.004931293,
0.062495363,
0.192196939,
0.362090474,
0.491913536,
0.642807335,
0.724836553,
0.71648832,
0.725839192,
0.70966751,
0.657176259,
0.595307498,
0.479918957,
0.3185051,
0.156843539,
0.041841989,
0.00097289,
0,
0,
0,
0,
0,
0,
0,
0.002193608,
0.026513618,
0.096906245,
0.298796484,
0.507377086,
0.635641109,
0.724654945,
0.7700793,
0.773049502,
0.75888621,
0.706340564,
0.600759467,
0.46112784,
0.302806046,
0.09620085,
0.023020998,
0.000353382,
0,
0,
0,
0,
0,
0,
0,
0.000713984,
0.018844143,
0.049822898,
0.080159865,
0.118634329,
0.171077657,
0.208582344,
0.250875053,
0.30068065,
0.214598802,
0.192104704,
0.156113499,
0.122497883,
0.107896193,
0.121764481,
0.028639512,
0.000220319,
0,
0,
0,
0,
0,
0,
0,
0.002441436,
0.049882895,
0.167360859,
0.231905689,
0.120361657,
0.205286393,
0.276647926,
0.246879433,
0.300459708,
0.221460689,
0.183572747,
0.192769147,
0.176116247,
0.094757572,
0.05826013,
0.015474254,
3.51E-05,
0,
0,
0,
0,
0,
0,
0,
0.001313078,
0.029743349,
0.102105157,
0.271447271,
0.411678365,
0.44292449,
0.481740886,
0.482843602,
0.501762305,
0.396179714,
0.279214832,
0.194297938,
0.222250478,
0.17406205,
0.075990478,
0.015309326,
0,
0,
0,
0,
0,
0,
0,
0,
0.000465035,
0.017286598,
0.059502258,
0.201301477,
0.247891906,
0.240188822,
0.324569855,
0.344289549,
0.402626977,
0.429807902,
0.304594864,
0.307114096,
0.247336129,
0.156281165,
0.038149836,
0.009448833,
0,
0,
0,
0,
0,
0,
0,
0,
0.000656352,
0.024510953,
0.087467867,
0.217892638,
0.310063387,
0.453477783,
0.466050793,
0.479489024,
0.438605113,
0.571752631,
0.380741557,
0.221250079,
0.225017663,
0.221119008,
0.107875405,
0.019155328,
0,
0,
0,
0,
0,
0,
0,
0,
0.000793523,
0.041330773,
0.156749064,
0.320336489,
0.477225586,
0.603286665,
0.705484058,
0.758159281,
0.690139506,
0.673264171,
0.668055051,
0.551694616,
0.400400508,
0.25468222,
0.112131426,
0.017764579,
0,
0,
0,
0,
0,
0,
0,
0,
0.00017638,
0.017494221,
0.057809036,
0.094717491,
0.125488499,
0.181844299,
0.204251266,
0.18850043,
0.218749393,
0.295340459,
0.341334781,
0.376565698,
0.198625282,
0.110357047,
0.037662146,
0.006667458,
0,
0,
0,
0,
0,
0,
0,
0,
6.91E-05,
0.016077456,
0.059932689,
0.177373809,
0.394205927,
0.559121367,
0.658860643,
0.705815657,
0.70781633,
0.681778701,
0.615050843,
0.51976214,
0.370545754,
0.179342493,
0.06977984,
0.00917275,
0,
0,
0,
0,
0,
0,
0,
0,
2.35E-05,
0.027505926,
0.127325737,
0.282790601,
0.441048789,
0.554158707,
0.638305603,
0.669601145,
0.516813223,
0.516782975,
0.551492968,
0.397554157,
0.272185901,
0.114782352,
0.041835765,
0.006008617,
0,
0,
0,
0,
0,
0,
0,
0,
0,
0.026954257,
0.129887042,
0.263764228,
0.430316752,
0.433753359,
0.604649284,
0.598801115,
0.344714877,
0.486735162,
0.25108056,
0.16523484,
0.088179361,
0.06419232,
0.028439731,
0.00371045,
0,
0,
0,
0,
0,
0,
0,
0,
0,
0.010313929,
0.041099376,
0.190232363,
0.289500007,
0.479452179,
0.204627426,
0.374823309,
0.684545015,
0.55779136,
0.288752415,
0.177619646,
0.151366801,
0.11816892,
0.052962634,
0.004850011,
0,
0,
0,
0,
0,
0,
0,
0,
0,
0.011076458,
0.052894796,
0.215383487,
0.328746336,
0.372168897,
0.226431814,
0.238020607,
0.273849622,
0.489176723,
0.476805485,
0.354416393,
0.157740002,
0.067030455,
0.028327954,
0.002723619,
0,
0,
0,
0,
0,
0,
0,
0,
0,
0.008062191,
0.036891029,
0.0700497,
0.104736043,
0.164970457,
0.170847007,
0.183231688,
0.155827208,
0.146489779,
0.141413598,
0.10784354,
0.163246615,
0.053680103,
0.020134691,
0.000858498,
0,
0,
0,
0,
0,
0,
0,
0,
0,
0.016349307,
0.106569174,
0.251350669,
0.406208099,
0.536317576,
0.630015624,
0.604804005,
0.580806508,
0.398396474,
0.442645793,
0.402483708,
0.341576012,
0.192248471,
0.061690762,
0.003005553,
0,
0,
0,
0,
0,
0,
0,
0,
0,
0.007229335,
0.040093998,
0.117083755,
0.249036446,
0.287877238,
0.608297746,
0.678298777,
0.695895813,
0.651667406,
0.548308919,
0.416746704,
0.301746273,
0.168240891,
0.055426227,
0.002234934,
0,
0,
0,
0,
0,
0,
0,
0,
0,
0.011900103,
0.091106371,
0.228219263,
0.379932226,
0.503508678,
0.580089288,
0.648523064,
0.663711401,
0.637042688,
0.550386891,
0.455954819,
0.316096525,
0.163935206,
0.046741291,
0.001366477,
0,
0,
0,
0,
0,
0,
0,
0,
0,
0.004766364,
0.03083449,
0.10423242,
0.261760443,
0.340512132,
0.392404662,
0.500103936,
0.389923643,
0.245915007,
0.167225929,
0.110725739,
0.076372489,
0.044123724,
0.014953454,
0.000187707,
0,
0,
0,
0,
0,
0,
0,
0,
0,
0.005603578,
0.047684806,
0.143998927,
0.227840239,
0.401546044,
0.357073418,
0.12622912,
0.501982251,
0.338328232,
0.132393205,
0.136630181,
0.106369517,
0.056141455,
0.018005063,
0.000223556,
0,
0,
0,
0,
0,
0,
0,
0,
0,
0.005692826,
0.055964204,
0.144054815,
0.217729825,
0.229767597,
0.376459895,
0.250961563,
0.158433697,
0.106406486,
0.139878956,
0.122618498,
0.154243025,
0.129720122,
0.030300496,
0.000146755,
0,
0,
0,
0,
0,
0,
0,
0,
0,
0.002525083,
0.0250147,
0.064507364,
0.10931109,
0.178198824,
0.145366151,
0.205354231,
0.353117754,
0.272959383,
0.229988912,
0.150757998,
0.133005618,
0.079206144,
0.018919574,
1.76E-05,
0,
0,
0,
0,
0,
0,
0,
0,
0,
0.004218429,
0.051903982,
0.132036089,
0.16244301,
0.272191875,
0.237766431,
0.158074091,
0.143184866,
0.130831801,
0.10373415,
0.094791802,
0.084265645,
0.039891603,
0.010632085,
0,
0,
0,
0,
0,
0,
0,
0,
0,
0,
0.003081731,
0.042561449,
0.14058933,
0.348759416,
0.485005096,
0.56440654,
0.624378936,
0.632628212,
0.564437783,
0.381086102,
0.233705461,
0.124202805,
0.049011327,
0.011511246,
0,
0,
0,
0,
0,
0,
0,
0,
0,
0,
0.001541986,
0.023079874,
0.061483762,
0.133790676,
0.163845584,
0.154005778,
0.164794575,
0.188120037,
0.150280515,
0.141452559,
0.103367449,
0.073084753,
0.038669142,
0.008968612,
0,
0,
0,
0,
0,
0,
0,
0,
0,
0,
0.001856657,
0.035918263,
0.114639456,
0.280557784,
0.438850078,
0.537782886,
0.598357987,
0.595031166,
0.544705517,
0.447713509,
0.204476439,
0.089338963,
0.045891755,
0.008610002,
0,
0,
0,
0,
0,
0,
0,
0,
0,
0,
0.000815555,
0.020436541,
0.064474876,
0.163502409,
0.242229701,
0.392360598,
0.222513616,
0.222822188,
0.192895115,
0.086976816,
0.074015945,
0.060967568,
0.032502692,
0.004816279,
0,
0,
0,
0,
0,
0,
0,
0,
0,
0,
0.001522692,
0.052318854,
0.17695458,
0.326652058,
0.323364945,
0.344894618,
0.538775692,
0.326952912,
0.239565954,
0.175075145,
0.118769882,
0.068701645,
0.03444673,
0.005844186,
0,
0,
0,
0,
0,
0,
0,
0,
0,
0,
0.001076826,
0.044029746,
0.158327894,
0.243536181,
0.362982954,
0.167666692,
0.318553147,
0.496344816,
0.41509879,
0.265453093,
0.139648057,
0.080846838,
0.034880647,
0.00389044,
0,
0,
0,
0,
0,
0,
0,
0,
0,
0,
0.000266126,
0.019156698,
0.061236058,
0.133262781,
0.186679497,
0.15820678,
0.249101794,
0.298754661,
0.251700815,
0.260806349,
0.145446312,
0.105126642,
0.052768206,
0.005253805,
0,
0,
0,
0,
0,
0,
0,
0,
0,
0,
0.000456447,
0.04189962,
0.162843194,
0.289688586,
0.408245367,
0.349073589,
0.229353222,
0.221125356,
0.316091546,
0.210738236,
0.250466156,
0.219832941,
0.08300024,
0.006282086,
0,
0,
0,
0,
0,
0,
0,
0,
0,
0,
3.21E-05,
0.013909987,
0.05075272,
0.080004521,
0.093390223,
0.117193541,
0.127720943,
0.156164035,
0.138404311,
0.144745274,
0.129609091,
0.06776062,
0.026532663,
0.00171488,
0,
0,
0,
0,
0,
0,
0,
0,
0,
0,
2.25E-05,
0.032215779,
0.143446759,
0.287087947,
0.421171635,
0.514657081,
0.562806798,
0.546499314,
0.479474585,
0.339562643,
0.134318571,
0.072323718,
0.028528481,
0.001607086,
0,
0,
0,
0,
0,
0,
0,
0,
0,
0,
0,
0.029916866,
0.138745246,
0.280538241,
0.412299117,
0.497988995,
0.4424251,
0.457290427,
0.48064987,
0.333484445,
0.193214391,
0.16275768,
0.047342128,
0.001995196,
0,
0,
0,
0,
0,
0,
0,
0,
0,
0,
0,
0.015660841,
0.071735951,
0.221461934,
0.2517221,
0.295951005,
0.267566167,
0.264281792,
0.271962594,
0.127514316,
0.124384538,
0.137590001,
0.042931884,
0.001379547,
0,
0,
0,
0,
0,
0,
0,
0,
0,
0,
0,
0.010810581,
0.051828675,
0.121751287,
0.130637621,
0.175342267,
0.158138195,
0.168325534,
0.162027017,
0.150688168,
0.110062167,
0.068412491,
0.023367783,
0.000518933,
0,
0,
0,
0,
0,
0,
0,
0,
0,
0,
0,
0.009118977,
0.044605688,
0.086154914,
0.111668382,
0.183214635,
0.200700765,
0.200084369,
0.161304818,
0.129351554,
0.134464579,
0.100524335,
0.028200741,
0.000430307,
0,
0,
0,
0,
0,
0,
0,
0,
0,
0,
0,
0.007602384,
0.04184983,
0.08394612,
0.118757932,
0.149073365,
0.131437243,
0.15502771,
0.100830541,
0.091984287,
0.078073802,
0.05184523,
0.015540848,
7.54E-05,
0,
0,
0,
0,
0,
0,
0,
0,
0,
0,
0,
0.005584284,
0.036516611,
0.078694804,
0.104619535,
0.116933639,
0.122437886,
0.109543359,
0.095408945,
0.085589552,
0.076773545,
0.050638204,
0.013527852,
2.68E-05,
0,
0,
0,
0,
0,
0,
0,
0,
0,
0,
0,
0.008263964,
0.058018028,
0.184182048,
0.274224289,
0.189291712,
0.237565032,
0.200190918,
0.226295639,
0.122570576,
0.090024317,
0.061459489,
0.015783323,
0,
0,
0,
0,
0,
0,
0,
0,
0,
0,
0,
0,
0.009288386,
0.076153539,
0.185349118,
0.265311317,
0.388723961,
0.390158276,
0.393804498,
0.393399583,
0.293959169,
0.160910857,
0.060141433,
0.013499098,
0,
0,
0,
0,
0,
0,
0,
0,
0,
0,
0,
0,
0.005680503,
0.04775003,
0.105391897,
0.10897613,
0.116428896,
0.146077645,
0.134452879,
0.126413591,
0.09672613,
0.077647354,
0.047830814,
0.009650482,
0,
0,
0,
0,
0,
0,
0,
0,
0,
0,
0,
0,
0.002970576,
0.030710389,
0.072287123,
0.147556025,
0.115615955,
0.129366242,
0.166656709,
0.134266417,
0.108939784,
0.086506802,
0.041543126,
0.008101401,
0,
0,
0,
0,
0,
0,
0,
0,
0,
0,
0,
0,
0.004159055,
0.045489455,
0.113675777,
0.160017008,
0.234726896,
0.323014799,
0.253193633,
0.262302155,
0.132759906,
0.106304541,
0.046558937,
0.008011655,
0,
0,
0,
0,
0,
0,
0,
0,
0,
0,
0,
0,
0.005540718,
0.07264175,
0.192061885,
0.318760148,
0.398418382,
0.428675062,
0.402776097,
0.360655909,
0.304237499,
0.203570765,
0.086397016,
0.011838737,
0,
0,
0,
0,
0,
0,
0,
0,
0,
0,
0,
0,
0.004321867,
0.068798984,
0.188798172,
0.31187598,
0.405920315,
0.457599371,
0.470294491,
0.413293666,
0.325737547,
0.229320735,
0.10541953,
0.012256348,
0,
0,
0,
0,
0,
0,
0,
0,
0,
0,
0,
0,
0.003489633,
0.065990224,
0.18620077,
0.30672972,
0.41258267,
0.464186668,
0.451802485,
0.39762822,
0.324395217,
0.216462056,
0.091682064,
0.008951559,
0,
0,
0,
0,
0,
0,
0,
0,
0,
0,
0,
0,
0.002448033,
0.057704851,
0.171873296,
0.289646015,
0.367413985,
0.388793666,
0.380947935,
0.257362771,
0.217801398,
0.084712134,
